Name of the college,Stream,Candidates Registerd,Candidates Appeared,Distin-ction,Grade I,Grade II,Pass Grade,Total Pass,Pass Percent,Year
"KARMAVEER BABURAO PATIL JUNIOR COLLEGE, PARINCHE",SCIENCE,24,24,9,15,0,0,24,100.0,2021
"KARMAVEER BABURAO PATIL JUNIOR COLLEGE, PARINCHE",ARTS,16,16,1,9,6,0,16,100.0,2021
"KARMAVEER BABURAO PATIL JUNIOR COLLEGE, PARINCHE",COMMERCE,21,21,3,15,3,0,21,100.0,2021
"WAGHIRE COLLEGE OF ARTS,COME & SCIENCE, SASWAD",SCIENCE,232,232,135,92,5,0,232,100.0,2021
"WAGHIRE COLLEGE OF ARTS,COME & SCIENCE, SASWAD",ARTS,168,168,14,119,35,0,168,100.0,2021
"WAGHIRE COLLEGE OF ARTS,COME & SCIENCE, SASWAD",COMMERCE,222,222,134,88,0,0,222,100.0,2021
"KILACHAND JUNIOR COLLEGE, NIRA, TQ.PURANDAR, PUNE",SCIENCE,141,141,36,95,10,0,141,100.0,2021
"KILACHAND JUNIOR COLLEGE, NIRA, TQ.PURANDAR, PUNE",ARTS,102,102,4,52,46,0,102,100.0,2021
"MAHARSHI WALMIKI JUINOR COLLEGE,WAHLE,TQ.PURANDAR",SCIENCE,23,23,14,9,0,0,23,100.0,2021
"MAHARSHI WALMIKI JUINOR COLLEGE,WAHLE,TQ.PURANDAR",ARTS,43,43,0,14,29,0,43,100.0,2021
"MAHARSHI WALMIKI JUINOR COLLEGE,WAHLE,TQ.PURANDAR",COMMERCE,75,75,10,38,27,0,75,100.0,2021
"PURANDAR JR.COLLEGE OF ARTS,SCIENCE,COMM, SASWAD",SCIENCE,238,238,167,71,0,0,238,100.0,2021
"PURANDAR JR.COLLEGE OF ARTS,SCIENCE,COMM, SASWAD",ARTS,173,173,13,138,22,0,173,100.0,2021
"PURANDAR JR.COLLEGE OF ARTS,SCIENCE,COMM, SASWAD",COMMERCE,174,174,38,132,4,0,174,100.0,2021
"ABDULBHAI CHANDBHAI HUNDEKARI JR.COLLEGE, JEJURI",SCIENCE,48,48,35,13,0,0,48,100.0,2021
"ABDULBHAI CHANDBHAI HUNDEKARI JR.COLLEGE, JEJURI",ARTS,43,43,4,27,12,0,43,100.0,2021
"ABDULBHAI CHANDBHAI HUNDEKARI JR.COLLEGE, JEJURI",COMMERCE,63,63,27,35,1,0,63,100.0,2021
"DR.SHANKARRAO KOLATE VIDYALAYA &JR.COLLEGE,PISARVE",SCIENCE,33,33,23,10,0,0,33,100.0,2021
"DR.SHANKARRAO KOLATE VIDYALAYA &JR.COLLEGE,PISARVE",ARTS,14,14,0,3,11,0,14,100.0,2021
"M.E.S.WAGHIRE HIGH SCHOOL & JR.COLLEGE, SASWAD",SCIENCE,21,21,11,10,0,0,21,100.0,2021
"M.E.S.WAGHIRE HIGH SCHOOL & JR.COLLEGE, SASWAD",ARTS,42,42,8,32,2,0,42,100.0,2021
"SHRI.KEDARESHWAR VIDHYALAYA & JR.COLLEGE, KALDAREE",ARTS,27,27,10,17,0,0,27,100.0,2021
"JIJAMATA VIDHYALAYA, JEJURI TAL-PURANDAR DT PUNE",SCIENCE,84,84,64,20,0,0,84,100.0,2021
"JIJAMATA VIDHYALAYA, JEJURI TAL-PURANDAR DT PUNE",ARTS,77,77,15,61,1,0,77,100.0,2021
"JIJAMATA VIDHYALAYA, JEJURI TAL-PURANDAR DT PUNE",COMMERCE,112,112,94,18,0,0,112,100.0,2021
"RISE-PISE SEC.& HIGHER SEC. SCHOOL, RISE, PURANDAR",ARTS,30,30,2,8,20,0,30,100.0,2021
"SHREE SHIVAJI ENG.MEDIUM.SCHL.& JR COL.SASWAD,PUNE",SCIENCE,57,57,38,18,1,0,57,100.0,2021
"SMT.JANABAI K. OVHAL JR.COL, HIVARE, TQ-PURANDAR.",ARTS,24,24,0,2,22,0,24,100.0,2021
"SMT.JANABAI K. OVHAL JR.COL, HIVARE, TQ-PURANDAR.",COMMERCE,41,41,1,19,21,0,41,100.0,2021
MJPV AND SMK JR COL A/P SHIVARI TAL PURANDHAR,SCIENCE,26,26,8,18,0,0,26,100.0,2021
L R SHAHKANYA VIDYA MANDIR NIRA,SCIENCE,12,12,2,10,0,0,12,100.0,2021
WAGHIRE MAHAVIDY SASWAD,HSC.VOC,77,77,27,47,3,0,77,100.0,2021
PURANDAR H SCH AND JR.COL,HSC.VOC,86,86,6,51,25,4,86,100.0,2021
PANCHKROSHI SHETKARI TECHNICAL VIDY AND VYAVS,HSC.VOC,51,51,6,40,5,0,51,100.0,2021
JIJAMATA H SCH AND JR.COL,HSC.VOC,17,17,6,11,0,0,17,100.0,2021
"KARMAVEER BABURAO PATIL JUNIOR COLLEGE, PARINCHE",SCIENCE,30,30,1,25,4,0,30,100.0,2022
"KARMAVEER BABURAO PATIL JUNIOR COLLEGE, PARINCHE",ARTS,28,28,0,7,19,1,27,96.42,2022
"KARMAVEER BABURAO PATIL JUNIOR COLLEGE, PARINCHE",COMMERCE,26,25,0,10,15,0,25,100.0,2022
"WAGHIRE COLLEGE OF ARTS,COME & SCIENCE, SASWAD",SCIENCE,278,276,1,37,198,30,266,96.37,2022
"WAGHIRE COLLEGE OF ARTS,COME & SCIENCE, SASWAD",ARTS,127,124,2,12,53,18,85,68.54,2022
"WAGHIRE COLLEGE OF ARTS,COME & SCIENCE, SASWAD",COMMERCE,218,218,4,25,145,21,195,89.44,2022
"KILACHAND JUNIOR COLLEGE, NIRA, TQ.PURANDAR, PUNE",SCIENCE,133,133,0,18,84,27,129,96.99,2022
"KILACHAND JUNIOR COLLEGE, NIRA, TQ.PURANDAR, PUNE",ARTS,78,77,1,6,44,6,57,74.02,2022
"MAHARSHI WALMIKI JUINOR COLLEGE,WAHLE,TQ.PURANDAR",SCIENCE,11,11,0,0,11,0,11,100.0,2022
"MAHARSHI WALMIKI JUINOR COLLEGE,WAHLE,TQ.PURANDAR",ARTS,20,20,0,7,11,1,19,95.0,2022
"MAHARSHI WALMIKI JUINOR COLLEGE,WAHLE,TQ.PURANDAR",COMMERCE,63,63,5,22,31,3,61,96.82,2022
"PURANDAR JR.COLLEGE OF ARTS,SCIENCE,COMM, SASWAD",SCIENCE,232,232,2,42,182,6,232,100.0,2022
"PURANDAR JR.COLLEGE OF ARTS,SCIENCE,COMM, SASWAD",ARTS,163,160,5,28,81,7,121,75.62,2022
"PURANDAR JR.COLLEGE OF ARTS,SCIENCE,COMM, SASWAD",COMMERCE,173,171,11,66,90,2,169,98.83,2022
"ABDULBHAI CHANDBHAI HUNDEKARI JR.COLLEGE, JEJURI",SCIENCE,52,52,2,26,23,0,51,98.07,2022
"ABDULBHAI CHANDBHAI HUNDEKARI JR.COLLEGE, JEJURI",ARTS,37,37,1,4,31,1,37,100.0,2022
"ABDULBHAI CHANDBHAI HUNDEKARI JR.COLLEGE, JEJURI",COMMERCE,50,49,2,15,32,0,49,100.0,2022
"DR.SHANKARRAO KOLATE VIDYALAYA &JR.COLLEGE,PISARVE",SCIENCE,35,35,6,26,3,0,35,100.0,2022
"DR.SHANKARRAO KOLATE VIDYALAYA &JR.COLLEGE,PISARVE",ARTS,17,17,3,8,3,0,14,82.35,2022
"M.E.S.WAGHIRE HIGH SCHOOL & JR.COLLEGE, SASWAD",SCIENCE,24,24,4,16,4,0,24,100.0,2022
"M.E.S.WAGHIRE HIGH SCHOOL & JR.COLLEGE, SASWAD",ARTS,18,18,1,10,6,0,17,94.44,2022
"SHRI.KEDARESHWAR VIDHYALAYA & JR.COLLEGE, KALDAREE",ARTS,21,21,15,6,0,0,21,100.0,2022
"JIJAMATA VIDHYALAYA, JEJURI TAL-PURANDAR DT PUNE",SCIENCE,123,123,2,29,91,1,123,100.0,2022
"JIJAMATA VIDHYALAYA, JEJURI TAL-PURANDAR DT PUNE",ARTS,64,64,0,19,45,0,64,100.0,2022
"JIJAMATA VIDHYALAYA, JEJURI TAL-PURANDAR DT PUNE",COMMERCE,101,101,3,42,55,1,101,100.0,2022
"RISE-PISE SEC.& HIGHER SEC. SCHOOL, RISE, PURANDAR",ARTS,22,22,10,8,4,0,22,100.0,2022
"SHREE SHIVAJI ENG.MEDIUM.SCHL.& JR COL.SASWAD,PUNE",SCIENCE,87,87,26,56,5,0,87,100.0,2022
"SMT.JANABAI K. OVHAL JR.COL, HIVARE, TQ-PURANDAR.",ARTS,22,18,0,1,15,2,18,100.0,2022
"SMT.JANABAI K. OVHAL JR.COL, HIVARE, TQ-PURANDAR.",COMMERCE,35,35,0,12,19,3,34,97.14,2022
MJPV AND SMK JR COL A/P SHIVARI TAL PURANDHAR,SCIENCE,21,21,0,20,1,0,21,100.0,2022
L R SHAHKANYA VIDYA MANDIR NIRA,SCIENCE,23,23,0,1,19,2,22,95.65,2022
WAGHIRE MAHAVIDY SASWAD,HSC.VOC,67,66,3,17,24,0,44,66.66,2022
PURANDAR H SCH AND JR.COL,HSC.VOC,74,74,1,26,33,1,61,82.43,2022
PANCHKROSHI SHETKARI TECHNICAL VIDY AND VYAVS,HSC.VOC,45,44,1,21,21,0,43,97.72,2022
"KARMAVEER BABURAO PATIL JUNIOR COLLEGE, PARINCHE",SCIENCE,38,37,0,6,22,9,37,100.0,2023
"KARMAVEER BABURAO PATIL JUNIOR COLLEGE, PARINCHE",ARTS,25,24,0,1,10,11,22,91.66,2023
"KARMAVEER BABURAO PATIL JUNIOR COLLEGE, PARINCHE",COMMERCE,32,32,3,6,19,3,31,96.87,2023
"WAGHIRE COLLEGE OF ARTS,COME & SCIENCE, SASWAD",SCIENCE,315,313,5,45,196,57,303,96.8,2023
"WAGHIRE COLLEGE OF ARTS,COME & SCIENCE, SASWAD",ARTS,151,147,1,9,73,51,134,91.15,2023
"WAGHIRE COLLEGE OF ARTS,COME & SCIENCE, SASWAD",COMMERCE,209,208,12,62,98,27,199,95.67,2023
"KILACHAND JUNIOR COLLEGE, NIRA, TQ.PURANDAR, PUNE",SCIENCE,146,146,3,23,91,27,144,98.63,2023
"KILACHAND JUNIOR COLLEGE, NIRA, TQ.PURANDAR, PUNE",ARTS,80,80,3,7,41,17,68,85.0,2023
"MAHARSHI WALMIKI JUINOR COLLEGE,WAHLE,TQ.PURANDAR",SCIENCE,29,29,0,2,25,2,29,100.0,2023
"MAHARSHI WALMIKI JUINOR COLLEGE,WAHLE,TQ.PURANDAR",ARTS,20,20,0,3,12,5,20,100.0,2023
"MAHARSHI WALMIKI JUINOR COLLEGE,WAHLE,TQ.PURANDAR",COMMERCE,46,46,6,19,17,4,46,100.0,2023
"PURANDAR JR.COLLEGE OF ARTS,SCIENCE,COMM, SASWAD",SCIENCE,213,213,4,42,141,17,204,95.77,2023
"PURANDAR JR.COLLEGE OF ARTS,SCIENCE,COMM, SASWAD",ARTS,158,154,2,20,67,33,122,79.22,2023
"PURANDAR JR.COLLEGE OF ARTS,SCIENCE,COMM, SASWAD",COMMERCE,143,143,13,43,73,10,139,97.2,2023
"ABDULBHAI CHANDBHAI HUNDEKARI JR.COLLEGE, JEJURI",SCIENCE,44,44,0,15,29,0,44,100.0,2023
"ABDULBHAI CHANDBHAI HUNDEKARI JR.COLLEGE, JEJURI",ARTS,24,24,0,5,9,8,22,91.66,2023
"ABDULBHAI CHANDBHAI HUNDEKARI JR.COLLEGE, JEJURI",COMMERCE,54,54,4,16,26,8,54,100.0,2023
"DR.SHANKARRAO KOLATE VIDYALAYA &JR.COLLEGE,PISARVE",SCIENCE,38,38,2,11,24,0,37,97.36,2023
"DR.SHANKARRAO KOLATE VIDYALAYA &JR.COLLEGE,PISARVE",ARTS,10,10,0,0,2,6,8,80.0,2023
"M.E.S.WAGHIRE HIGH SCHOOL & JR.COLLEGE, SASWAD",SCIENCE,35,35,0,3,24,7,34,97.14,2023
"M.E.S.WAGHIRE HIGH SCHOOL & JR.COLLEGE, SASWAD",ARTS,44,42,1,3,18,13,35,83.33,2023
"SHRI.KEDARESHWAR VIDHYALAYA & JR.COLLEGE, KALDAREE",ARTS,22,22,0,11,8,2,21,95.45,2023
"JIJAMATA VIDHYALAYA, JEJURI TAL-PURANDAR DT PUNE",SCIENCE,106,106,1,53,52,0,106,100.0,2023
"JIJAMATA VIDHYALAYA, JEJURI TAL-PURANDAR DT PUNE",ARTS,76,76,2,20,42,11,75,98.68,2023
"JIJAMATA VIDHYALAYA, JEJURI TAL-PURANDAR DT PUNE",COMMERCE,89,89,11,32,39,7,89,100.0,2023
"RISE-PISE SEC.& HIGHER SEC. SCHOOL, RISE, PURANDAR",ARTS,18,18,2,10,4,2,18,100.0,2023
"SHREE SHIVAJI ENG.MEDIUM.SCHL.& JR COL.SASWAD,PUNE",SCIENCE,85,85,3,40,42,0,85,100.0,2023
"SMT.JANABAI K. OVHAL JR.COL, HIVARE, TQ-PURANDAR.",ARTS,31,20,0,0,3,6,9,45.0,2023
"SMT.JANABAI K. OVHAL JR.COL, HIVARE, TQ-PURANDAR.",COMMERCE,30,23,3,1,12,5,21,91.3,2023
MJPV AND SMK JR COL A/P SHIVARI TAL PURANDHAR,SCIENCE,34,34,0,17,17,0,34,100.0,2023
L R SHAHKANYA VIDYA MANDIR NIRA,SCIENCE,17,17,0,2,7,6,15,88.23,2023
WAGHIRE MAHAVIDY SASWAD,HSC.VOC,56,54,12,18,20,2,52,96.29,2023
PURANDAR H SCH AND JR.COL,HSC.VOC,57,55,1,28,22,1,52,94.54,2023
PANCHKROSHI SHETKARI TECHNICAL VIDY AND VYAVS,HSC.VOC,45,45,0,3,36,5,44,97.77,2023
"KARMAVEER BABURAO PATIL JUNIOR COLLEGE, PARINCHE",SCIENCE,31,31,0,6,23,2,31,100.0,2024
"KARMAVEER BABURAO PATIL JUNIOR COLLEGE, PARINCHE",ARTS,31,31,1,1,15,9,26,83.87,2024
"KARMAVEER BABURAO PATIL JUNIOR COLLEGE, PARINCHE",COMMERCE,28,28,1,5,19,3,28,100.0,2024
"WAGHIRE COLLEGE OF ARTS,COME & SCIENCE, SASWAD",SCIENCE,342,339,6,43,229,60,338,99.7,2024
"WAGHIRE COLLEGE OF ARTS,COME & SCIENCE, SASWAD",ARTS,137,135,5,12,58,30,105,77.77,2024
"WAGHIRE COLLEGE OF ARTS,COME & SCIENCE, SASWAD",COMMERCE,192,189,10,64,79,33,186,98.41,2024
"KILACHAND JUNIOR COLLEGE, NIRA, TQ.PURANDAR, PUNE",SCIENCE,115,115,4,25,75,10,114,99.13,2024
"KILACHAND JUNIOR COLLEGE, NIRA, TQ.PURANDAR, PUNE",ARTS,71,69,0,9,42,10,61,88.4,2024
"MAHARSHI WALMIKI JUINOR COLLEGE,WAHLE,TQ.PURANDAR",SCIENCE,32,32,1,7,23,1,32,100.0,2024
"MAHARSHI WALMIKI JUINOR COLLEGE,WAHLE,TQ.PURANDAR",ARTS,24,24,0,6,15,1,22,91.66,2024
"MAHARSHI WALMIKI JUINOR COLLEGE,WAHLE,TQ.PURANDAR",COMMERCE,40,40,3,18,19,0,40,100.0,2024
"PURANDAR JR.COLLEGE OF ARTS,SCIENCE,COMM, SASWAD",SCIENCE,298,298,10,47,202,33,292,97.98,2024
"PURANDAR JR.COLLEGE OF ARTS,SCIENCE,COMM, SASWAD",ARTS,124,123,3,8,56,20,87,70.73,2024
"PURANDAR JR.COLLEGE OF ARTS,SCIENCE,COMM, SASWAD",COMMERCE,150,149,11,35,71,25,142,95.3,2024
"ABDULBHAI CHANDBHAI HUNDEKARI JR.COLLEGE, JEJURI",SCIENCE,56,56,0,14,41,1,56,100.0,2024
"ABDULBHAI CHANDBHAI HUNDEKARI JR.COLLEGE, JEJURI",ARTS,22,22,1,3,8,8,20,90.9,2024
"ABDULBHAI CHANDBHAI HUNDEKARI JR.COLLEGE, JEJURI",COMMERCE,36,36,2,6,21,6,35,97.22,2024
"DR.SHANKARRAO KOLATE VIDYALAYA &JR.COLLEGE,PISARVE",SCIENCE,42,42,1,11,26,2,40,95.23,2024
"DR.SHANKARRAO KOLATE VIDYALAYA &JR.COLLEGE,PISARVE",ARTS,10,9,0,1,5,1,7,77.77,2024
"M.E.S.WAGHIRE HIGH SCHOOL & JR.COLLEGE, SASWAD",SCIENCE,47,47,0,9,32,6,47,100.0,2024
"M.E.S.WAGHIRE HIGH SCHOOL & JR.COLLEGE, SASWAD",ARTS,32,32,1,4,11,8,24,75.0,2024
"SHRI.KEDARESHWAR VIDHYALAYA & JR.COLLEGE, KALDAREE",ARTS,18,18,1,5,6,5,17,94.44,2024
"JIJAMATA VIDHYALAYA, JEJURI TAL-PURANDAR DT PUNE",SCIENCE,126,126,2,56,68,0,126,100.0,2024
"JIJAMATA VIDHYALAYA, JEJURI TAL-PURANDAR DT PUNE",ARTS,57,57,6,12,37,2,57,100.0,2024
"JIJAMATA VIDHYALAYA, JEJURI TAL-PURANDAR DT PUNE",COMMERCE,77,77,1,24,50,2,77,100.0,2024
"RISE-PISE SEC.& HIGHER SEC. SCHOOL, RISE, PURANDAR",ARTS,19,19,1,8,9,0,18,94.73,2024
"SHREE SHIVAJI ENG.MEDIUM.SCHL.& JR COL.SASWAD,PUNE",SCIENCE,81,81,8,26,47,0,81,100.0,2024
MJPV AND SMK JR COL A/P SHIVARI TAL PURANDHAR,SCIENCE,40,40,0,17,23,0,40,100.0,2024
L R SHAHKANYA VIDYA MANDIR NIRA,SCIENCE,24,24,0,0,17,6,23,95.83,2024
GOVT I T I SASWAD,TECH.SCI,3,3,0,0,2,1,3,100.0,2024
WAGHIRE MAHAVIDY SASWAD,HSC.VOC,35,32,3,12,12,1,28,87.5,2024
PURANDAR H SCH AND JR.COL,HSC.VOC,66,63,0,10,43,1,54,85.71,2024
PANCHKROSHI SHETKARI TECHNICAL VIDY AND VYAVS,HSC.VOC,26,25,0,9,15,1,25,100.0,2024
"KARMAVEER BABURAO PATIL JUNIOR COLLEGE, PARINCHE",SCIENCE,16,16,0,0,13,3,16,100.0,2025
"KARMAVEER BABURAO PATIL JUNIOR COLLEGE, PARINCHE",ARTS,21,20,0,0,9,4,13,65.0,2025
"KARMAVEER BABURAO PATIL JUNIOR COLLEGE, PARINCHE",COMMERCE,20,20,0,2,13,4,19,95.0,2025
"WAGHIRE COLLEGE OF ARTS,COME & SCIENCE, SASWAD",SCIENCE,315,314,4,33,211,63,311,99.04,2025
"WAGHIRE COLLEGE OF ARTS,COME & SCIENCE, SASWAD",ARTS,129,123,1,20,59,17,97,78.86,2025
"WAGHIRE COLLEGE OF ARTS,COME & SCIENCE, SASWAD",COMMERCE,175,175,8,35,74,41,158,90.28,2025
"KILACHAND JUNIOR COLLEGE, NIRA, TQ.PURANDAR, PUNE",SCIENCE,106,104,0,6,55,33,94,90.38,2025
"KILACHAND JUNIOR COLLEGE, NIRA, TQ.PURANDAR, PUNE",ARTS,56,56,0,3,18,17,38,67.85,2025
"MAHARSHI WALMIKI JUINOR COLLEGE,WAHLE,TQ.PURANDAR",SCIENCE,25,25,0,0,18,4,22,88.0,2025
"MAHARSHI WALMIKI JUINOR COLLEGE,WAHLE,TQ.PURANDAR",ARTS,19,19,0,1,4,5,10,52.63,2025
"MAHARSHI WALMIKI JUINOR COLLEGE,WAHLE,TQ.PURANDAR",COMMERCE,42,42,0,6,35,1,42,100.0,2025
"PURANDAR JR.COLLEGE OF ARTS,SCIENCE,COMM, SASWAD",SCIENCE,317,316,5,45,232,29,311,98.41,2025
"PURANDAR JR.COLLEGE OF ARTS,SCIENCE,COMM, SASWAD",ARTS,159,156,2,25,67,22,116,74.35,2025
"PURANDAR JR.COLLEGE OF ARTS,SCIENCE,COMM, SASWAD",COMMERCE,131,131,12,31,60,20,123,93.89,2025
"ABDULBHAI CHANDBHAI HUNDEKARI JR.COLLEGE, JEJURI",SCIENCE,61,61,0,2,33,25,60,98.36,2025
"ABDULBHAI CHANDBHAI HUNDEKARI JR.COLLEGE, JEJURI",ARTS,22,21,0,0,5,1,6,28.57,2025
"ABDULBHAI CHANDBHAI HUNDEKARI JR.COLLEGE, JEJURI",COMMERCE,34,34,1,5,14,5,25,73.52,2025
"DR.SHANKARRAO KOLATE VIDYALAYA &JR.COLLEGE,PISARVE",SCIENCE,45,45,1,22,21,1,45,100.0,2025
"DR.SHANKARRAO KOLATE VIDYALAYA &JR.COLLEGE,PISARVE",ARTS,9,9,0,1,6,1,8,88.88,2025
"M.E.S.WAGHIRE HIGH SCHOOL & JR.COLLEGE, SASWAD",SCIENCE,51,51,1,1,41,8,51,100.0,2025
"M.E.S.WAGHIRE HIGH SCHOOL & JR.COLLEGE, SASWAD",ARTS,22,22,3,3,8,1,15,68.18,2025
"SHRI.KEDARESHWAR VIDHYALAYA & JR.COLLEGE, KALDAREE",ARTS,25,25,1,9,13,1,24,96.0,2025
"JIJAMATA VIDHYALAYA, JEJURI TAL-PURANDAR DT PUNE",SCIENCE,126,126,0,3,89,34,126,100.0,2025
"JIJAMATA VIDHYALAYA, JEJURI TAL-PURANDAR DT PUNE",ARTS,61,61,0,6,28,10,44,72.13,2025
"JIJAMATA VIDHYALAYA, JEJURI TAL-PURANDAR DT PUNE",COMMERCE,70,70,1,6,37,19,63,90.0,2025
"RISE-PISE SEC.& HIGHER SEC. SCHOOL, RISE, PURANDAR",ARTS,18,18,1,5,9,0,15,83.33,2025
"SHREE SHIVAJI ENG.MEDIUM.SCHL.& JR COL.SASWAD,PUNE",SCIENCE,112,112,4,34,71,3,112,100.0,2025
MJPV AND SMK JR COL A/P SHIVARI TAL PURANDHAR,SCIENCE,54,54,0,1,32,16,49,90.74,2025
L R SHAHKANYA VIDYA MANDIR NIRA,SCIENCE,18,18,0,0,6,12,18,100.0,2025
WAGHIRE MAHAVIDY SASWAD,HSC.VOC,34,34,9,11,11,0,31,91.17,2025
PURANDAR H SCH AND JR.COL,HSC.VOC,66,64,1,12,27,1,41,64.06,2025
PANCHKROSHI SHETKARI TECHNICAL VIDY AND VYAVS,HSC.VOC,35,34,0,2,21,0,23,67.64,2025
